{
  "k_object.rx": 218.4481964111328,
  "k_bg.zoomtime": 100,
  "k_bg.fadetime": 100,
  "k_object.rz": 214.24826049804688,
  "k_object.ry": 0,
  "k_bg.mode": 2,
  "k_object.scale": 1.040507435798645,
  "k_object.showVerts": false,
  "k_pattern.strokew": 1,
  "k_bg.r": 48.663978576660156,
  "k_pattern.color2": 2130706432,
  "k_pattern.color1": -256,
  "k_pattern.show": false,
  "k_object.show": true,
  "k_object.fillcolor": -16777216,
  "k_object.tilex": 4,
  "k_mask.scale": 1.1472504138946533,
  "k_pattern.v4": 0,
  "k_mask.id": 0,
  "k_pattern.v3": 0,
  "k_object.v4": 0.06000000238418579,
  "k_pattern.v2": 0,
  "k_object.v3": 0,
  "k_pattern.v1": 0.18666666746139526,
  "k_object.tiley": 4,
  "k_object.v2": 0,
  "k_object.v1": 0,
  "k_object.showCoords": false,
  "k_mask.dy": -600,
  "k_pattern.theta": 68.18772888183594,
  "k_mask.dx": 960,
  "k_mask.color1": -1,
  "k_object.dx": 0.19999998807907104,
  "k_bg.seqid": 1,
  "k_pattern.id": 3,
  "k_object.strokecolor": -16777133,
  "k_bg.scale": 1.4654995203018188,
  "k_object.id": 0,
  "k_pattern.scale": 1.7074991464614868,
  "k_pattern.speed": 0.029999999329447746,
  "k_object.strokew": 5,
  "k_object.dz": 0.19999998807907104,
  "k_object.dy": 0,
  "k_mask.r": 0,
  "k_pattern.frames": 500,
  "k_bg.color1": 1275133696,
  "k_bg.color2": -16776961,
  "k_mask.show": false,
  "k_bg.dr": 0.6000047326087952,
  "k_pattern.t4": 0,
  "k_pattern.t3": 0,
  "k_pattern.t2": 0,
  "k_bg.imgid": 3,
  "k_object.t2": 0,
  "k_pattern.t1": 0,
  "k_object.t1": 0,
  "k_object.t4": 0,
  "k_object.t3": 0
}