{
  "k_object.rx": 48.333282470703125,
  "k_bg.zoomtime": 100,
  "k_bg.fadetime": 100,
  "k_object.rz": 0,
  "k_object.ry": 117.83270263671875,
  "k_bg.mode": 2,
  "k_object.scale": 2.0305018424987793,
  "k_object.showVerts": false,
  "k_pattern.strokew": 1,
  "k_bg.r": 162.2500457763672,
  "k_pattern.color2": 2130706432,
  "k_pattern.color1": -256,
  "k_pattern.show": false,
  "k_object.show": true,
  "k_object.fillcolor": -16777216,
  "k_object.tilex": 1,
  "k_mask.scale": 1.1472504138946533,
  "k_pattern.v4": 0,
  "k_mask.id": 0,
  "k_pattern.v3": 0,
  "k_object.v4": 0,
  "k_pattern.v2": 0,
  "k_object.v3": 0,
  "k_pattern.v1": 0.18666666746139526,
  "k_object.tiley": 1,
  "k_object.v2": 0,
  "k_object.v1": 0,
  "k_object.showCoords": false,
  "k_mask.dy": -600,
  "k_pattern.theta": 68.18772888183594,
  "k_mask.dx": 960,
  "k_mask.color1": -1,
  "k_object.dx": 0.06666667014360428,
  "k_bg.seqid": 3,
  "k_pattern.id": 3,
  "k_object.strokecolor": 369164032,
  "k_bg.scale": 1.848000168800354,
  "k_object.id": 8,
  "k_pattern.scale": 1.7074991464614868,
  "k_pattern.speed": 0.029999999329447746,
  "k_object.strokew": 23,
  "k_object.dz": 0,
  "k_object.dy": 0.1666666716337204,
  "k_mask.r": 0,
  "k_pattern.frames": 500,
  "k_bg.color1": 922681599,
  "k_bg.color2": -16776961,
  "k_mask.show": false,
  "k_bg.dr": 0.2500000596046448,
  "k_pattern.t4": 0,
  "k_pattern.t3": 0,
  "k_pattern.t2": 0,
  "k_bg.imgid": 1,
  "k_object.t2": 0,
  "k_pattern.t1": 0,
  "k_object.t1": 0,
  "k_object.t4": 0,
  "k_object.t3": 0
}